[
  {
    "requestID": 1,
    "userID": "808456739434528789",
    "username": "xxquietkidxx",
    "reason": "Test",
    "status": "Approved"
  },
  {
    "requestID": 2,
    "userID": "808456739434528789",
    "username": "xxquietkidxx",
    "reason": "test",
    "duration": "2 Weeks",
    "status": "Denied"
  },
  {
    "requestID": 3,
    "userID": "808456739434528789",
    "username": "xxquietkidxx",
    "reason": "test",
    "duration": "1 Month",
    "status": "Pending",
    "hrReason": null
  },
  {
    "requestID": 4,
    "userID": "808456739434528789",
    "username": "xxquietkidxx",
    "reason": "e",
    "duration": "1 Week",
    "status": "Approved",
    "hrReason": "e"
  },
  {
    "requestID": 5,
    "userID": "808456739434528789",
    "username": "xxquietkidxx",
    "reason": "e",
    "duration": "2 Weeks",
    "status": "Denied",
    "hrReason": "Too many request!"
  }
]